name,1,2,3,4,5,6,7,8,9,10,11,12,13,14,15,16,17,18,19,20,21,22,23,24,25,26,27,28,29,30,31,32,33,34,35,36,37,38,39,40,41,42,43,44,45,46,47,48,49,50,51,52,53,54,55,56,57,58,59,60,61,62,63,64,65,66,67,68,69,70,71,72,73,74,75,76,77,78,79,80,81,82,83,84,85,86,87,88,89,90,91,92,93,94,95,96,97,98,99,100,101,102,103,104,105,106,107,108,109,110,111,112,113,114,115,116,117,118,119,120,121,122,123,124,125,126,127,128,129,130,131,132,133,134,135,136,137,138,139,140,141,142,143,144,145,146,147,148,149,150,151,152,153,154,155,156,157,158,159,160,161,162,163,164,165,166,167,168,169,170,171,172,173,174,175,176,177,178,179,180,181,182,183,184,185,186,187,188,189,190,191,192,193,194,195,196,197,198
01_DRV_6DGX,P,Q,I,T,L,W,K,R,P,L,V,T,I,K,I,G,G,Q,L,K,E,A,L,L,D,T,G,A,D,D,T,V,L,E,E,M,N,L,P,G,R,W,K,P,K,M,I,G,G,I,G,G,F,I,K,V,R,Q,Y,D,Q,I,L,I,E,I,C,G,H,K,A,I,G,T,V,L,V,G,P,T,P,V,N,I,I,G,R,N,L,L,T,Q,I,G,C,T,L,N,F,P,Q,I,T,L,W,K,R,P,L,V,T,I,K,I,G,G,Q,L,K,E,A,L,L,D,T,G,A,D,D,T,V,L,E,E,M,N,L,P,G,R,W,K,P,K,M,I,G,G,I,G,G,F,I,K,V,R,Q,Y,D,Q,I,L,I,E,I,C,G,H,K,A,I,G,T,V,L,V,G,P,T,P,V,N,I,I,G,R,N,L,L,T,Q,I,G,C,T,L,N,F
02_DRV_6DH0,P,Q,I,T,L,W,K,R,P,L,V,T,I,K,I,G,G,Q,L,K,E,A,L,L,D,T,G,A,D,D,T,V,L,E,E,M,N,L,P,G,R,W,K,P,K,M,I,G,G,I,G,G,F,I,K,V,R,Q,Y,D,Q,I,L,I,E,I,C,G,H,K,A,I,G,T,V,L,V,G,P,T,P,V,N,V,I,G,R,N,L,L,T,Q,I,G,C,T,L,N,F,P,Q,I,T,L,W,K,R,P,L,V,T,I,K,I,G,G,Q,L,K,E,A,L,L,D,T,G,A,D,D,T,V,L,E,E,M,N,L,P,G,R,W,K,P,K,M,I,G,G,I,G,G,F,I,K,V,R,Q,Y,D,Q,I,L,I,E,I,C,G,H,K,A,I,G,T,V,L,V,G,P,T,P,V,N,V,I,G,R,N,L,L,T,Q,I,G,C,T,L,N,F
03_DRV_6OPT,P,Q,I,T,L,W,K,R,P,L,V,T,I,K,I,G,G,Q,L,K,E,A,L,L,D,T,G,A,D,D,T,V,L,E,E,M,N,L,P,G,R,W,K,P,K,M,I,G,G,I,G,G,F,I,K,V,R,Q,Y,D,Q,I,L,I,E,I,C,G,H,K,A,I,G,T,V,L,V,G,P,T,P,F,N,V,I,G,R,N,L,L,T,Q,I,G,C,T,L,N,F,P,Q,I,T,L,W,K,R,P,L,V,T,I,K,I,G,G,Q,L,K,E,A,L,L,D,T,G,A,D,D,T,V,L,E,E,M,N,L,P,G,R,W,K,P,K,M,I,G,G,I,G,G,F,I,K,V,R,Q,Y,D,Q,I,L,I,E,I,C,G,H,K,A,I,G,T,V,L,V,G,P,T,P,F,N,V,I,G,R,N,L,L,T,Q,I,G,C,T,L,N,F
04_DRV_4Q1Y,P,Q,I,T,L,W,K,R,P,L,V,T,I,K,I,G,G,Q,L,K,E,A,L,L,D,T,G,A,D,D,T,V,L,E,E,M,N,L,P,G,R,W,K,P,K,M,I,G,G,V,G,G,F,I,K,V,R,Q,Y,D,Q,I,L,I,E,I,C,G,H,K,V,I,G,T,V,L,V,G,P,T,P,V,N,I,I,G,R,N,L,L,T,Q,I,G,C,T,L,N,F,P,Q,I,T,L,W,K,R,P,L,V,T,I,K,I,G,G,Q,L,K,E,A,L,L,D,T,G,A,D,D,T,V,L,E,E,M,N,L,P,G,R,W,K,P,K,M,I,G,G,V,G,G,F,I,K,V,R,Q,Y,D,Q,I,L,I,E,I,C,G,H,K,V,I,G,T,V,L,V,G,P,T,P,V,N,I,I,G,R,N,L,L,T,Q,I,G,C,T,L,N,F
05_DRV_6OPU,P,Q,I,T,L,W,K,R,P,L,V,T,I,R,I,G,G,Q,L,K,E,A,L,L,D,T,G,A,D,D,T,I,F,E,E,M,N,L,P,G,K,W,K,P,K,M,I,G,G,I,G,G,F,I,K,V,R,Q,Y,D,Q,I,P,I,E,I,C,G,H,K,A,I,G,T,V,L,V,G,P,T,P,V,N,I,I,G,R,N,L,L,T,Q,I,G,C,T,L,N,F,P,Q,I,T,L,W,K,R,P,L,V,T,I,R,I,G,G,Q,L,K,E,A,L,L,D,T,G,A,D,D,T,I,F,E,E,M,N,L,P,G,K,W,K,P,K,M,I,G,G,I,G,G,F,I,K,V,R,Q,Y,D,Q,I,P,I,E,I,C,G,H,K,A,I,G,T,V,L,V,G,P,T,P,V,N,I,I,G,R,N,L,L,T,Q,I,G,C,T,L,N,F
06_DRV_6OPV,P,Q,I,T,L,W,K,R,P,L,V,T,I,K,I,G,G,Q,L,K,E,A,L,L,D,T,G,A,D,D,T,V,L,E,E,M,N,L,P,G,R,W,K,P,I,I,I,G,G,I,G,G,F,I,K,V,R,Q,Y,D,Q,I,L,I,E,I,C,G,H,K,A,I,G,T,V,L,V,G,P,T,P,F,N,V,I,G,R,N,L,L,T,Q,I,G,C,T,L,N,F,P,Q,I,T,L,W,K,R,P,L,V,T,I,K,I,G,G,Q,L,K,E,A,L,L,D,T,G,A,D,D,T,V,L,E,E,M,N,L,P,G,R,W,K,P,I,I,I,G,G,I,G,G,F,I,K,V,R,Q,Y,D,Q,I,L,I,E,I,C,G,H,K,A,I,G,T,V,L,V,G,P,T,P,F,N,V,I,G,R,N,L,L,T,Q,I,G,C,T,L,N,F
07_DRV_6OPY,P,Q,I,T,L,W,K,R,P,L,V,T,V,K,I,E,G,Q,L,K,E,A,L,L,D,T,G,A,D,D,T,I,F,E,E,M,N,L,P,G,R,W,K,P,I,I,I,G,G,I,G,G,F,I,K,V,R,Q,Y,D,Q,I,L,I,E,I,C,G,H,K,A,I,G,T,V,L,V,G,P,T,P,F,N,V,I,G,R,N,L,L,T,Q,I,G,C,T,L,N,F,P,Q,I,T,L,W,K,R,P,L,V,T,V,K,I,E,G,Q,L,K,E,A,L,L,D,T,G,A,D,D,T,I,F,E,E,M,N,L,P,G,R,W,K,P,I,I,I,G,G,I,G,G,F,I,K,V,R,Q,Y,D,Q,I,L,I,E,I,C,G,H,K,A,I,G,T,V,L,V,G,P,T,P,F,N,V,I,G,R,N,L,L,T,Q,I,G,C,T,L,N,F
08_DRV_6OPZ,P,Q,I,T,L,W,K,R,P,L,V,T,V,K,I,E,G,Q,L,K,E,A,L,L,D,T,G,A,D,D,T,I,F,E,E,M,N,L,P,G,R,W,K,P,I,I,I,G,G,I,G,G,F,I,K,V,R,Q,Y,D,Q,I,L,I,E,I,C,G,H,K,V,I,G,T,V,V,V,G,P,T,P,F,N,V,I,G,R,N,L,L,T,Q,I,G,C,T,L,N,F,P,Q,I,T,L,W,K,R,P,L,V,T,V,K,I,E,G,Q,L,K,E,A,L,L,D,T,G,A,D,D,T,I,F,E,E,M,N,L,P,G,R,W,K,P,I,I,I,G,G,I,G,G,F,I,K,V,R,Q,Y,D,Q,I,L,I,E,I,C,G,H,K,V,I,G,T,V,V,V,G,P,T,P,F,N,V,I,G,R,N,L,L,T,Q,I,G,C,T,L,N,F
09_DRV_var3,P,Q,I,T,L,W,K,R,P,L,V,T,V,K,I,E,G,Q,L,K,E,A,L,L,D,T,G,A,D,D,T,I,F,E,E,M,N,L,P,G,R,W,K,P,I,I,I,G,G,I,G,G,F,L,K,V,R,Q,Y,D,Q,I,L,I,E,I,C,G,H,K,V,I,G,T,V,V,V,G,P,T,P,F,N,V,I,G,R,N,L,L,T,Q,I,G,C,T,L,N,F,P,Q,I,T,L,W,K,R,P,L,V,T,V,K,I,E,G,Q,L,K,E,A,L,L,D,T,G,A,D,D,T,I,F,E,E,M,N,L,P,G,R,W,K,P,I,I,I,G,G,I,G,G,F,L,K,V,R,Q,Y,D,Q,I,L,I,E,I,C,G,H,K,V,I,G,T,V,V,V,G,P,T,P,F,N,V,I,G,R,N,L,L,T,Q,I,G,C,T,L,N,F
10_DRV_var9,P,Q,I,T,L,W,K,R,P,I,V,T,I,K,I,G,G,Q,L,K,E,A,L,L,D,T,G,A,D,D,T,I,F,E,E,M,N,L,P,G,R,W,K,P,I,I,I,G,G,V,G,G,F,I,K,V,R,Q,Y,D,Q,I,L,I,E,I,C,G,H,K,V,I,G,T,V,L,V,G,P,T,P,I,N,V,I,G,R,N,L,L,T,Q,I,G,C,T,L,N,F,P,Q,I,T,L,W,K,R,P,I,V,T,I,K,I,G,G,Q,L,K,E,A,L,L,D,T,G,A,D,D,T,I,F,E,E,M,N,L,P,G,R,W,K,P,I,I,I,G,G,V,G,G,F,I,K,V,R,Q,Y,D,Q,I,L,I,E,I,C,G,H,K,V,I,G,T,V,L,V,G,P,T,P,I,N,V,I,G,R,N,L,L,T,Q,I,G,C,T,L,N,F
11_DRV_var10,P,Q,I,T,L,W,K,R,P,F,V,T,I,K,I,G,G,Q,L,K,E,A,L,L,D,T,G,A,D,D,T,I,F,E,E,M,N,L,P,G,R,W,K,P,I,M,I,G,G,I,G,G,F,I,K,V,R,Q,Y,D,Q,I,L,I,E,I,C,G,H,K,V,I,G,T,V,L,V,G,P,T,P,I,N,V,I,G,R,N,L,L,T,Q,I,G,C,T,L,N,F,P,Q,I,T,L,W,K,R,P,F,V,T,I,K,I,G,G,Q,L,K,E,A,L,L,D,T,G,A,D,D,T,I,F,E,E,M,N,L,P,G,R,W,K,P,I,M,I,G,G,I,G,G,F,I,K,V,R,Q,Y,D,Q,I,L,I,E,I,C,G,H,K,V,I,G,T,V,L,V,G,P,T,P,I,N,V,I,G,R,N,L,L,T,Q,I,G,C,T,L,N,F
12_DRV_var11,P,Q,I,T,L,W,K,R,P,F,V,T,I,K,I,G,G,Q,L,K,E,A,L,L,D,T,G,A,D,D,T,V,L,E,E,M,N,L,P,G,R,W,K,P,K,I,V,G,G,V,G,G,L,I,K,V,R,Q,Y,D,Q,I,P,I,E,I,C,G,H,K,A,V,S,T,V,L,V,G,P,T,P,I,N,I,V,G,R,N,L,L,T,Q,I,G,C,T,L,N,F,P,Q,I,T,L,W,K,R,P,F,V,T,I,K,I,G,G,Q,L,K,E,A,L,L,D,T,G,A,D,D,T,V,L,E,E,M,N,L,P,G,R,W,K,P,K,I,V,G,G,V,G,G,L,I,K,V,R,Q,Y,D,Q,I,P,I,E,I,C,G,H,K,A,V,S,T,V,L,V,G,P,T,P,I,N,I,V,G,R,N,L,L,T,Q,I,G,C,T,L,N,F
13_DRV_var12,P,Q,I,T,L,W,K,R,P,F,V,T,I,K,I,G,G,Q,L,K,E,A,L,L,D,T,G,A,D,D,T,V,L,E,E,M,N,L,P,G,R,W,K,P,K,I,I,G,G,V,G,G,L,I,K,V,R,Q,Y,D,Q,I,P,I,E,I,C,G,H,K,A,I,S,T,V,L,V,G,P,T,P,V,N,I,I,G,R,N,L,L,T,Q,I,G,C,T,L,N,F,P,Q,I,T,L,W,K,R,P,F,V,T,I,K,I,G,G,Q,L,K,E,A,L,L,D,T,G,A,D,D,T,V,L,E,E,M,N,L,P,G,R,W,K,P,K,I,I,G,G,V,G,G,L,I,K,V,R,Q,Y,D,Q,I,P,I,E,I,C,G,H,K,A,I,S,T,V,L,V,G,P,T,P,V,N,I,I,G,R,N,L,L,T,Q,I,G,C,T,L,N,F
14_DRV_var13,P,Q,I,T,L,W,K,R,P,F,V,T,I,K,I,G,G,Q,L,K,E,A,L,L,D,T,G,A,D,D,T,I,F,E,E,M,D,L,P,G,R,W,K,P,K,I,I,G,G,I,G,G,F,I,K,V,R,Q,Y,D,Q,I,P,I,E,I,C,G,H,K,A,I,G,S,V,V,V,G,P,T,P,V,N,V,I,G,R,N,M,L,T,Q,I,G,C,T,L,N,F,P,Q,I,T,L,W,K,R,P,F,V,T,I,K,I,G,G,Q,L,K,E,A,L,L,D,T,G,A,D,D,T,I,F,E,E,M,D,L,P,G,R,W,K,P,K,I,I,G,G,I,G,G,F,I,K,V,R,Q,Y,D,Q,I,P,I,E,I,C,G,H,K,A,I,G,S,V,V,V,G,P,T,P,V,N,V,I,G,R,N,M,L,T,Q,I,G,C,T,L,N,F
15_DRV_var14,P,Q,I,T,L,W,K,R,P,F,V,T,I,K,I,G,G,Q,L,K,E,A,L,L,D,T,G,A,D,D,T,V,F,E,E,M,N,L,P,G,R,W,K,P,K,I,V,G,G,V,G,G,L,I,K,V,R,Q,Y,D,Q,I,P,I,E,I,C,G,H,K,V,I,G,T,V,S,V,G,P,T,P,I,N,I,V,G,R,N,I,L,T,Q,I,G,C,T,L,N,F,P,Q,I,T,L,W,K,R,P,F,V,T,I,K,I,G,G,Q,L,K,E,A,L,L,D,T,G,A,D,D,T,V,F,E,E,M,N,L,P,G,R,W,K,P,K,I,V,G,G,V,G,G,L,I,K,V,R,Q,Y,D,Q,I,P,I,E,I,C,G,H,K,V,I,G,T,V,S,V,G,P,T,P,I,N,I,V,G,R,N,I,L,T,Q,I,G,C,T,L,N,F
16_DRV_var15,P,Q,I,T,L,W,K,R,P,F,I,T,V,K,I,G,G,Q,L,K,E,A,L,L,D,T,G,A,D,D,T,I,F,E,E,M,D,L,P,G,R,W,K,P,K,I,I,G,G,I,G,G,F,I,K,V,R,Q,Y,D,Q,I,P,I,E,I,C,G,H,K,A,I,G,S,V,V,V,G,P,T,P,V,N,V,I,G,R,N,M,L,T,Q,I,G,C,T,L,N,F,P,Q,I,T,L,W,K,R,P,F,I,T,V,K,I,G,G,Q,L,K,E,A,L,L,D,T,G,A,D,D,T,I,F,E,E,M,D,L,P,G,R,W,K,P,K,I,I,G,G,I,G,G,F,I,K,V,R,Q,Y,D,Q,I,P,I,E,I,C,G,H,K,A,I,G,S,V,V,V,G,P,T,P,V,N,V,I,G,R,N,M,L,T,Q,I,G,C,T,L,N,F
17_DRV_var16,P,Q,I,T,L,W,K,R,P,F,V,T,I,K,V,G,G,Q,L,K,E,A,L,L,D,T,G,A,D,D,T,V,L,E,E,M,N,L,P,G,R,W,K,P,K,I,V,G,G,V,G,G,L,I,K,V,R,Q,Y,D,Q,I,L,I,E,I,C,G,H,K,V,I,G,T,V,L,V,G,P,T,P,I,N,V,I,G,R,N,T,L,T,Q,I,G,C,T,L,N,F,P,Q,I,T,L,W,K,R,P,F,V,T,I,K,V,G,G,Q,L,K,E,A,L,L,D,T,G,A,D,D,T,V,L,E,E,M,N,L,P,G,R,W,K,P,K,I,V,G,G,V,G,G,L,I,K,V,R,Q,Y,D,Q,I,L,I,E,I,C,G,H,K,V,I,G,T,V,L,V,G,P,T,P,I,N,V,I,G,R,N,T,L,T,Q,I,G,C,T,L,N,F
18_DRV_var17,P,Q,I,T,L,W,K,R,P,F,V,T,V,K,I,G,G,Q,L,K,E,A,L,L,D,T,G,A,D,D,T,V,F,E,E,M,N,L,P,G,R,W,K,P,R,I,V,G,G,V,G,G,L,L,K,V,R,Q,Y,D,Q,I,L,I,E,F,C,G,H,K,V,I,G,A,V,S,V,G,P,T,P,I,N,I,I,G,R,N,L,L,T,Q,I,G,C,T,L,N,F,P,Q,I,T,L,W,K,R,P,F,V,T,V,K,I,G,G,Q,L,K,E,A,L,L,D,T,G,A,D,D,T,V,F,E,E,M,N,L,P,G,R,W,K,P,R,I,V,G,G,V,G,G,L,L,K,V,R,Q,Y,D,Q,I,L,I,E,F,C,G,H,K,V,I,G,A,V,S,V,G,P,T,P,I,N,I,I,G,R,N,L,L,T,Q,I,G,C,T,L,N,F
19_DRV_var18,P,Q,I,T,L,W,Q,R,P,L,V,T,V,K,I,G,G,Q,L,R,E,A,L,L,D,T,G,A,D,D,T,I,F,E,D,I,N,L,P,G,K,W,T,P,K,M,V,G,G,I,G,G,F,M,K,V,R,Q,Y,D,Q,V,V,I,E,I,C,G,H,K,V,T,S,P,V,L,V,G,P,T,P,L,N,I,I,G,R,N,V,L,T,Q,L,G,C,T,L,N,F,P,Q,I,T,L,W,Q,R,P,L,V,T,V,K,I,G,G,Q,L,R,E,A,L,L,D,T,G,A,D,D,T,I,F,E,D,I,N,L,P,G,K,W,T,P,K,M,V,G,G,I,G,G,F,M,K,V,R,Q,Y,D,Q,V,V,I,E,I,C,G,H,K,V,T,S,P,V,L,V,G,P,T,P,L,N,I,I,G,R,N,V,L,T,Q,L,G,C,T,L,N,F
20_DRV_var19,P,Q,I,T,L,W,Q,R,P,L,V,V,V,K,V,G,G,Q,L,M,E,A,L,L,D,T,G,A,D,D,T,I,F,E,E,M,N,L,P,G,R,W,T,P,K,M,I,G,G,I,G,G,F,L,N,V,R,Q,Y,D,Q,V,P,I,E,I,C,G,H,K,V,V,S,T,V,L,I,G,P,T,P,L,N,V,I,G,R,N,V,M,T,Q,I,G,C,T,L,N,F,P,Q,I,T,L,W,Q,R,P,L,V,V,V,K,V,G,G,Q,L,M,E,A,L,L,D,T,G,A,D,D,T,I,F,E,E,M,N,L,P,G,R,W,T,P,K,M,I,G,G,I,G,G,F,L,N,V,R,Q,Y,D,Q,V,P,I,E,I,C,G,H,K,V,V,S,T,V,L,I,G,P,T,P,L,N,V,I,G,R,N,V,M,T,Q,I,G,C,T,L,N,F
21_DRV_3EKT,P,Q,I,T,L,W,K,R,P,I,V,T,I,R,I,G,G,Q,L,K,E,A,L,L,D,T,G,A,D,D,T,V,L,E,E,M,N,L,P,G,K,W,K,P,K,M,I,V,G,I,G,G,F,V,K,V,R,Q,Y,D,Q,I,P,I,E,I,C,G,H,K,A,I,G,T,V,L,V,G,P,T,P,A,N,I,I,G,R,N,L,L,T,Q,I,G,C,T,L,N,F,P,Q,I,T,L,W,K,R,P,I,V,T,I,R,I,G,G,Q,L,K,E,A,L,L,D,T,G,A,D,D,T,V,L,E,E,M,N,L,P,G,K,W,K,P,K,M,I,V,G,I,G,G,F,V,K,V,R,Q,Y,D,Q,I,P,I,E,I,C,G,H,K,A,I,G,T,V,L,V,G,P,T,P,A,N,I,I,G,R,N,L,L,T,Q,I,G,C,T,L,N,F
22_DRV_var21,P,Q,I,T,L,W,K,R,P,V,V,V,V,K,V,G,G,Q,L,M,E,A,L,L,D,T,G,A,D,D,T,I,F,E,E,M,N,L,P,G,R,W,T,P,K,I,V,G,G,I,G,G,F,M,K,V,R,Q,Y,E,N,V,P,I,E,I,Y,G,K,K,I,L,S,T,V,L,I,G,P,T,P,A,N,I,I,G,R,N,V,M,T,Q,I,G,C,T,L,N,F,P,Q,I,T,L,W,K,R,P,V,V,V,V,K,V,G,G,Q,L,M,E,A,L,L,D,T,G,A,D,D,T,I,F,E,E,M,N,L,P,G,R,W,T,P,K,I,V,G,G,I,G,G,F,M,K,V,R,Q,Y,E,N,V,P,I,E,I,Y,G,K,K,I,L,S,T,V,L,I,G,P,T,P,A,N,I,I,G,R,N,V,M,T,Q,I,G,C,T,L,N,F
23_DRV_var22,P,Q,I,T,L,W,K,R,P,L,V,T,I,R,I,G,G,Q,L,K,E,A,L,L,D,T,G,A,D,D,T,V,L,E,E,M,N,L,P,G,K,W,K,P,K,M,I,G,G,I,G,G,F,I,K,V,R,Q,Y,D,Q,I,P,V,E,I,C,G,H,K,A,I,G,T,V,L,V,G,P,T,P,V,N,I,I,G,R,N,L,L,T,Q,I,G,C,T,L,N,F,P,Q,I,T,L,W,K,R,P,L,V,T,I,R,I,G,G,Q,L,K,E,A,L,L,D,T,G,A,D,D,T,V,L,E,E,M,N,L,P,G,K,W,K,P,K,M,I,G,G,I,G,G,F,I,K,V,R,Q,Y,D,Q,I,P,V,E,I,C,G,H,K,A,I,G,T,V,L,V,G,P,T,P,V,N,I,I,G,R,N,L,L,T,Q,I,G,C,T,L,N,F
24_DRV_var23,P,Q,I,T,L,W,K,R,P,L,V,T,I,K,I,G,G,Q,L,K,E,A,L,L,D,T,G,A,D,N,T,V,I,E,E,M,S,L,P,G,R,W,K,P,K,M,I,G,G,I,G,G,F,I,K,V,R,Q,Y,D,Q,I,I,I,E,I,A,G,H,K,A,I,G,T,V,L,V,G,P,T,P,V,N,I,I,G,R,N,L,L,T,Q,I,G,A,T,L,N,F,P,Q,I,T,L,W,K,R,P,L,V,T,I,K,I,G,G,Q,L,K,E,A,L,L,D,T,G,A,D,N,T,V,I,E,E,M,S,L,P,G,R,W,K,P,K,M,I,G,G,I,G,G,F,I,K,V,R,Q,Y,D,Q,I,I,I,E,I,A,G,H,K,A,I,G,T,V,L,V,G,P,T,P,V,N,I,I,G,R,N,L,L,T,Q,I,G,A,T,L,N,F
25_DRV_var24,P,Q,I,T,L,W,K,R,P,L,V,T,I,K,I,G,G,Q,L,K,E,A,L,L,D,T,G,A,D,D,T,V,I,E,E,M,S,L,P,G,R,W,K,P,K,M,I,V,G,I,G,G,F,I,K,V,R,Q,Y,D,Q,I,I,I,E,I,A,G,H,K,A,I,G,T,V,L,V,G,P,T,P,V,N,I,I,G,R,N,L,L,T,Q,I,G,A,T,L,N,F,P,Q,I,T,L,W,K,R,P,L,V,T,I,K,I,G,G,Q,L,K,E,A,L,L,D,T,G,A,D,D,T,V,I,E,E,M,S,L,P,G,R,W,K,P,K,M,I,V,G,I,G,G,F,I,K,V,R,Q,Y,D,Q,I,I,I,E,I,A,G,H,K,A,I,G,T,V,L,V,G,P,T,P,V,N,I,I,G,R,N,L,L,T,Q,I,G,A,T,L,N,F
26_DRV_var25,P,Q,I,T,L,W,K,R,P,F,V,T,V,K,V,G,G,Q,L,K,E,A,L,L,D,T,G,A,D,N,T,I,F,E,D,I,N,L,P,G,R,W,K,P,K,M,V,G,G,I,G,G,F,L,K,V,R,E,Y,D,Q,V,P,I,E,I,A,G,H,K,V,I,G,T,V,L,V,G,P,T,P,V,N,V,I,G,R,D,T,M,T,Q,I,G,A,T,L,N,F,P,Q,I,T,L,W,K,R,P,F,V,T,V,K,V,G,G,Q,L,K,E,A,L,L,D,T,G,A,D,N,T,I,F,E,D,I,N,L,P,G,R,W,K,P,K,M,V,G,G,I,G,G,F,L,K,V,R,E,Y,D,Q,V,P,I,E,I,A,G,H,K,V,I,G,T,V,L,V,G,P,T,P,V,N,V,I,G,R,D,T,M,T,Q,I,G,A,T,L,N,F
27_DRV_5KQY,P,Q,I,T,L,W,K,R,P,L,V,T,I,K,I,G,G,Q,L,K,E,A,L,L,D,T,G,A,D,D,T,V,I,E,D,M,S,L,P,G,R,W,K,P,K,M,I,G,G,I,G,G,F,I,K,V,R,Q,Y,D,Q,I,I,I,E,I,A,G,H,K,A,I,G,T,V,L,V,G,P,T,P,V,N,I,I,G,R,N,L,L,T,Q,I,G,A,T,L,N,F,P,Q,I,T,L,W,K,R,P,L,V,T,I,K,I,G,G,Q,L,K,E,A,L,L,D,T,G,A,D,D,T,V,I,E,D,M,S,L,P,G,R,W,K,P,K,M,I,G,G,I,G,G,F,I,K,V,R,Q,Y,D,Q,I,I,I,E,I,A,G,H,K,A,I,G,T,V,L,V,G,P,T,P,V,N,I,I,G,R,N,L,L,T,Q,I,G,A,T,L,N,F
28_DRV_var27,P,Q,I,T,L,W,K,R,P,L,V,T,I,K,I,G,G,Q,L,K,E,A,L,L,D,T,G,A,D,D,T,V,I,E,E,M,S,L,P,G,R,W,K,P,K,M,I,G,G,I,G,G,F,M,K,V,R,Q,Y,D,Q,I,I,I,E,I,A,G,H,K,A,I,G,T,V,L,V,G,P,T,P,V,N,I,I,G,R,N,L,L,T,Q,I,G,A,T,L,N,F,P,Q,I,T,L,W,K,R,P,L,V,T,I,K,I,G,G,Q,L,K,E,A,L,L,D,T,G,A,D,D,T,V,I,E,E,M,S,L,P,G,R,W,K,P,K,M,I,G,G,I,G,G,F,M,K,V,R,Q,Y,D,Q,I,I,I,E,I,A,G,H,K,A,I,G,T,V,L,V,G,P,T,P,V,N,I,I,G,R,N,L,L,T,Q,I,G,A,T,L,N,F
